CandidateNumber,OwnerPath,XsdLine,MatchedKeywords,Status,RuleId,Reason,SourceText
1,ArgumentArrayArgumentRefEntryType/DimensionList,244,must,SEMANTIC,XTCE-1.2-R05-dim-subset-lt-type,"Cross-field constraint (subset dimension < type's dimension), not XSD-checkable across separate type definitions.",The dimension here if used for subsetting must be less than the ones in the type.  It's not a subset if its the same size.
2,ArgumentArrayParameterRefEntryType/DimensionList,265,must,SEMANTIC,XTCE-1.2-R05-dim-subset-lt-type,"Same rule, different owner type (Argument vs Parameter array ref).",The dimension here if used for subsetting must be less than the ones in the type.  It's not a subset if its the same size.
3,ArgumentFixedValueEntryType/binaryValue,309,should,SEMANTIC,XTCE-1.2-R22-fixedvalue-bitlength-sufficient,"Blind re-triage catch: binaryValue ""should have sufficient bit length to accommodate the size in bits"" is a statically checkable cross-field constraint.","The fixed/constant value that should be encoded into the sequence.  This value provided should have sufficient bit length to accomodate the size in bits.  If the value is larger, the most significant unnecessary bits are dropped.  The value provided should be in network byte order for encoding."
4,ArgumentFixedValueEntryType/sizeInBits,314,should,NON_NORMATIVE,,Purely descriptive.,The number of bits that this fixed/constant value should occupy in the sequence.
5,ArrayParameterRefEntryType,369,shall,SEMANTIC,XTCE-1.2-R02-array-dim-count-match-type,"SHALL: dimension count must match the referenced ParameterType's dimension count — cross-reference constraint, not XSD-checkable.","Describe an entry that is an array parameter. Specify the dimension sizes if you subsetting the array (the number of dimensions shall match the number defined in the parameter’s type definition), otherwise the ones in the ParameterType are assumed.  See SequenceEntryType."
6,ArrayParameterRefEntryType/DimensionList,379,must,SEMANTIC,XTCE-1.2-R05-dim-subset-lt-type,"Same rule as #1, different owner (ArrayParameterRefEntryType).",The dimension here if used for subsetting must be less than the ones in the type.  It's not a subset if its the same size.
7,BaseAlarmType,389,may not,NON_NORMATIVE,,"Interop caveat about ancillary data transfer, not a constraint.","Supplies an optional non-reference-able name and short description for alarms. Also includes an optional ancillary data for any special local flags, note that these may not necessarily transfer to another recipient of an instance document."
8,BaseContainerType,407,must,NON_NORMATIVE,,Overview/rationale text; the actual rule is captured more specifically in #9.,"Describe a child/parent container inheritance relationship.  Describe constraints with RestrictionCriteria, conditions that must be true for this container to be an extension of the parent container.  A constraint can be used to convey the identifying features of the telemetry format such as the CCSDS application id or minor-frame id.  See RestrictionCriteriaType and SequenceContainerType."
9,BaseContainerType/RestrictionCriteria,412,must,NON_NORMATIVE,,"Describes runtime/decommutation evaluation semantics (is this container instance a valid extension), not static file structural validity.",Contains the conditions that must evaluate to true in order for this container to be an extension of the parent container.
10,ContainerSegmentRefEntryType,471,must,SEMANTIC,XTCE-1.2-R04-container-segments-no-overlap,Segments composing a container must not overlap in sequence — real structural constraint on segment definitions.,"An entry that is only a portion of a container indicating that the entire container must be assembled from other container segments.   It is assumed that container segments happen sequentially in time, that is the first part of a container is first, however (and there's always a however), if this is not the case the order of this container segment may be supplied with the order attribute where the first segment order=""0"".  Each instance of a container cannot overlap in the overall sequence with another instance"
11,IndirectParameterRefEntryType,537,must,NON_NORMATIVE,,"Describes runtime telemetry value/decode semantics, not file structure.","An entry whose name is given by the value of a ParamameterInstance.  This entry may be used to implement dwell telemetry streams.  The value of the parameter in ParameterInstance must use either the name of the Parameter or its alias.  If it's an alias name, the alias namespace is supplied as an attribute."
12,LocationInContainerInBitsType,550,should,SEMANTIC,XTCE-1.2-R08-location-in-container-flags,"Three distinct sub-rules bundled in one candidate: negative containerStart flagged, negative containerEnd flagged, nextEntry attribute usage flagged as deprecated. Recorded as one matrix row covering all three — see matrix Notes.","Describe the absolute or relative bit location of an entry in a container.  The ""referenceLocation"" attribute specifies the starting bit anchor.  If no referenceLocation value is given, the entry is assumed to begin at the first bit position after the previous entry.  Each container starts at bit 0, thus ""containerStart"" is an offset from 0.  Negative container start bits are before the container and are implementation dependent – these should be flagged as likely errors.  ""containerEnd"" is given as a positive offset from the end of the container, thus a container end of 0 is exactly at the end of the container.  Negative container end addresses are after the container and are implementation dependent – these should be flagged as likely errors.  Positive ""previouEntry"" values are offsets from the previous entry – zero (0) is the default which means it follows contiguously from the last occupied bit of the previous entry.  A value of one means it is offset 1-bit from the previous entry, and a value of negative 1 (-1) means it overlaps the previous entry by one bit, and so forth. The ""nextEntry"" attribute value is proposed for deprecation and should be avoided.  See SequenceEntryType."
13,ParameterSegmentRefEntryType,594,must,SEMANTIC,XTCE-1.2-R04-container-segments-no-overlap,Same rule as #10 (ParameterSegmentRefEntryType).,"An entry that is only a portion of a parameter value indicating that the entire parameter value must be assembled from other parameter segments.   It is assumed that parameter segments happen sequentially in time, that is the first part if a telemetry parameter first, however (and there's always a however), if this is not the case the order of this parameter segment may be supplied with the order attribute where the first segment order=""0""."
14,SequenceEntryType/RepeatEntry,647,"should not, should",NON_NORMATIVE,,"Interpretive clarification for spec readers (repeat != array), not a checkable constraint.","May be used when this entry repeats itself in the sequence container.  When an entry repeats, it effectively specifies that the same entry is reported more than once in the container and has the same physical meaning.  This should not be construed to be equivalent to arrays."
15,ArgumentSequenceEntryType/RepeatEntry,684,"should not, should",NON_NORMATIVE,,"Same clarification, ArgumentSequenceEntryType.","May be used when this entry repeats itself in the sequence container.  When an entry repeats, it effectively specifies that the same entry is reported more than once in the container and has the same physical meaning.  This should not be construed to be equivalent to arrays."
16,MessageType/ContainerRef,736,should,SEMANTIC,XTCE-1.2-R09-messagetype-containerref-must-be-root,ContainerRef should reference a root-level container specifically — referential + structural-position constraint.,The ContainerRef should point to ROOT container that will describe an entire packet/minor frame or chunk of telemetry.
17,RateInStreamType/minimumValue,768,should,NON_NORMATIVE,,"Descriptive definition of minimumValue, no constraint stated (e.g. min<=max not asserted here).",The minimum rate for the specified basis for which this container should appear in the stream.
18,RateInStreamType/maximumValue,773,should,NON_NORMATIVE,,Descriptive definition of maximumValue.,The maximum rate for the specified basis for which this container should appear in the stream.
19,RestrictionCriteriaType/NextContainer,817,must,SEMANTIC,XTCE-1.2-R10-nextcontainer-ref-must-resolve,"NextContainer reference must resolve to an existing Container — referential integrity, same category as the 68 unenforced *Ref types found via XSD analysis.",Reference to the named container that must follow this container in the stream sequence.
20,AbsoluteTimeParameterType,832,should,REDUNDANT,,"Blind re-triage label fix: initialValue is declared xs:dateTime, so ISO 8601 format is schema-enforced; REDUNDANT is more precise than NON_NORMATIVE. No validator impact.","Describe an absolute time parameter type relative to a known epoch (such as TAI).  The string representation of this time should use the [ISO 8601] extended format CCYY-MM-DDThh:mm:ss where ""CC"" represents the century, ""YY"" the year, ""MM"" the month and ""DD"" the day, preceded by an optional leading ""-"" sign to indicate a negative number. If the sign is omitted, ""+"" is assumed. The letter ""T"" is the date/time separator and ""hh"", ""mm"", ""ss"" represent hour, minute and second respectively. Additional digits can be used to increase the precision of fractional seconds if desired i.e. the format ss.ss... with any number of digits after the decimal point is supported.  See TAIType, IntegerDataEncoding and AbsoluteTimeDataType."
21,EnumeratedParameterType/DefaultAlarm,913,should,NON_NORMATIVE,,Descriptive definition + runtime alarm-evaluation semantics.,Describe labels for this parameter that should be in an alarm state.  The default definition applies when there are no context alarm definitions or all the context alarm definitions evaluate to false in their matching criteria.
22,EnumeratedParameterType/ContextAlarmList,918,should,NON_NORMATIVE,,Descriptive definition + runtime alarm-evaluation semantics.,Describe labels for this parameter that should be in an alarm state when another parameter and value combination evaluates to true using the described matching criteria.
23,FloatParameterType,939,should,NON_NORMATIVE,,"Guidance to spec authors on which data type to choose for a purpose, not a structural constraint.","Describe a floating point parameter type.  Several encodings are supported.  Calibrated integer to float relationships should be described with this data type. Use the data encoding to define calibrators.  Joins integer as one of the numerics. See FloatDataEncodingType, IntegerDataEncodingType and FloatDataType."
24,IntegerParameterType,960,should,NON_NORMATIVE,,"Same as #23, integer variant.",Describe an integer parameter type. Several are supported. Calibrated integer to integer relationships should be described with this data type. Use the integer data encoding to define calibrators. Joins float as one of the numerics. See IntegerDataEncoding and IntegerDataType.
25,ParameterInstanceRefType,998,required,NON_NORMATIVE,,"Describes semantic meaning of instance/count values (decode-time interpretation), not a constraint on allowed values.","A reference to an instance of a Parameter.   Used when the value of a parameter is required for a calculation or as an index value.  A positive value for instance is forward in time, a negative value for count is backward in time, a 0 value for count means use the current value of the parameter or the first value in a container."
26,ParameterPropertiesType/ValidityCondition,1019,must,NON_NORMATIVE,,"Runtime validity-checking semantics (is decoded value valid), not file structural validity.",Optional condition that must be true for this Parameter to be valid.
27,ParameterPropertiesType/readOnly,1040,should,SEMANTIC,XTCE-1.2-R23-constant-datasource-should-be-readonly,"Blind re-triage catch: ""For a constant data source, then readOnly should be true"" is a statically checkable cross-attribute consistency warning.","A Parameter marked as 'readOnly' true is non-settable by users and applications/services that do not represent the data source itself.  Note that a slight conceptual overlap exists here between the 'dataSource' attribute and this attribute when the data source is 'constant'.  For a constant data source, then 'readOnly' should be 'true'.  Application implementations may choose to implicitly enforce this.  Some implementations have both concepts of a Parameter that is settable or non-settable and a Constant in different parts of their internal data model."
28,ParameterPropertiesType/persistence,1045,should,NON_NORMATIVE,,"Describes runtime persistence behavior of the ground system, not file structure.",A Parameter marked to persist should retain the latest value through resets/restarts to the extent that is possible or defined in the implementation.  The net effect is that the initial/default value on a Parameter is only seen once or when the system has a reset to revert to initial/default values.
29,ParameterType/initialValue,1069,"must not, must",SEMANTIC,XTCE-1.2-R15-typed-value-valid-for-type,Value literal (typed generically as xs:string in the XSD) must be valid for and within range of its declared/referenced data type — not XSD-checkable since the attribute is untyped.,"Specify as: integer data type using xs:integer, float data type using xs:double, string data type using xs:string, boolean data type using xs:boolean, binary data type using xs:hexBinary, enum data type using label name, relative time data type using xs:duration, absolute time data type using xs:dateTime.  Values must not exceed the characteristics for the data type or this is a validation error. Takes precedence over an initial value given in the data type. Values are calibrated unless there is an option to override it."
30,PhysicalAddressSetType/PhysicalAddress,1146,required,NON_NORMATIVE,,Purely descriptive.,"Contains the address (e.g., channel information) required to process the spacecraft telemetry streams. May be an onboard  id, a mux address, or a physical location."
31,PhysicalAddressSetType/PhysicalAddress,1147,required,NON_NORMATIVE,,Purely descriptive (duplicate wording of #30).,Contains the address (channel information) required to process the spacecraft telemetry streams
32,AbsoluteTimeArgumentType,1274,should,REDUNDANT,,"Blind re-triage label fix: initialValue is declared xs:dateTime, so ISO 8601 format is schema-enforced; REDUNDANT is more precise than NON_NORMATIVE. No validator impact.","Describe an absolute time argument type relative to a known epoch (such as TAI).  The string representation of this time should use the [ISO 8601] extended format CCYY-MM-DDThh:mm:ss where ""CC"" represents the century, ""YY"" the year, ""MM"" the month and ""DD"" the day, preceded by an optional leading ""-"" sign to indicate a negative number. If the sign is omitted, ""+"" is assumed. The letter ""T"" is the date/time separator and ""hh"", ""mm"", ""ss"" represent hour, minute and second respectively. Additional digits can be used to increase the precision of fractional seconds if desired i.e. the format ss.ss... with any number of digits after the decimal point is supported.  See TAIType, IntegerDataEncoding and AbsoluteTimeDataType."
33,ArgumentAssignmentType/argumentValue,1327,must,SEMANTIC,XTCE-1.2-R15-typed-value-valid-for-type,Same rule as #29 (ArgumentComparisonType/value).,Specify value as a string compliant with the XML schema (xs) type specified for each XTCE type: integer=xs:integer; float=xs:double; string=xs:string; boolean=xs:boolean; binary=xs:hexBinary; enum=xs:string from EnumerationList; relative time=xs:duration; absolute time=xs:dateTime.  Supplied value must be within the ValidRange specified for the type.
34,ArgumentComparisonType/value,1354,"must not, must",SEMANTIC,XTCE-1.2-R15-typed-value-valid-for-type,Same rule as #29 (ArgumentComparisonCheckType/Value).,"Specify as: integer data type using xs:integer, float data type using xs:double, string data type using xs:string, boolean data type using xs:boolean, binary data type using xs:hexBinary, enum data type using label name, relative time data type using xs:duration, absolute time data type using xs:dateTime.  Values must not exceed the characteristics for the data type or this is a validation error. Takes precedence over an initial value given in the data type. Values are calibrated unless there is an option to override it."
35,ArgumentComparisonCheckType/Value,1397,"must not, must",SEMANTIC,XTCE-1.2-R15-typed-value-valid-for-type,"Blind re-triage consistency fix: identical value-vs-type language to candidates #34/#85, which were promoted to R15; this Argument-side site belongs in R15's citations (unreachable until command arguments are modeled).","Specify as: integer data type using xs:integer, float data type using xs:double, string data type using xs:string, boolean data type using xs:boolean, binary data type using xs:hexBinary, enum data type using label name, relative time data type using xs:duration, absolute time data type using xs:dateTime.  Values must not exceed the characteristics for the data type or this is a validation error. Takes precedence over an initial value given in the data type. Values are calibrated unless there is an option to override it."
36,ArgumentComparisonListType/Comparison,1412,must,NON_NORMATIVE,,Runtime AND-evaluation semantics.,List of Comparison elements must all be true for the comparison to evaluate to true.
37,ArgumentInputAlgorithmType/InputSet,1476,should,NON_NORMATIVE,,Descriptive definition of InputSet's purpose.,The InputSet describes the list of arguments and/or parameters that should be made available as input arguments to the algorithm.
38,ArgumentMatchCriteriaType/ComparisonList,1604,must,NON_NORMATIVE,,Runtime AND-evaluation semantics.,A series of simple comparison checks with an implicit 'and' in that they all must be true for the overall condition to be true.
39,ArgumentType/initialValue,1632,"must not, must",SEMANTIC,XTCE-1.2-R15-typed-value-valid-for-type,Same rule as #29 (ArgumentType/initialValue).,"Specify as: integer data type using xs:integer, float data type using xs:double, string data type using xs:string, boolean data type using xs:boolean, binary data type using xs:hexBinary, enum data type using label name, relative time data type using xs:duration, absolute time data type using xs:dateTime.  Values must not exceed the characteristics for the data type or this is a validation error. Takes precedence over an initial value given in the data type. Values are calibrated unless there is an option to override it."
40,BaseMetaCommandType,1698,required,FLAGGED,,"Spec-internal inconsistency: documentation states ArgumentAssignmentList is 'required', but the XSD declares minOccurs=""0"" (optional). Not implemented as a strict rule — doing so would reject files the schema itself accepts. Recorded as a finding, not a validator rule.","When specified, a BaseMetaCommand element identifies that this MetaCommand inherits (extends) another MetaCommand.  It’s required ArgumentAssignmentList narrows or this command from the parent.  This is typically used when specializing a generic MetaCommand to a specific MetaCommand.  See MetaCommandType."
41,CommandVerifierType,1833,must,NON_NORMATIVE,,Runtime command-verification evaluation semantics.,A command verifier is used to check that the command has been successfully executed. Command Verifiers may be either a Custom Algorithm or a Boolean Check or the presence of a Container for a relative change in the value of a Parameter.  The CheckWindow is a time period where the verification must test true to pass.
42,FloatArgumentType,1896,should,NON_NORMATIVE,,Guidance to spec authors on type choice (same as #23).,"Describe a floating point argument type.  Several encodings are supported.  Calibrated integer to float relationships should be described with this data type. Use the data encoding to define calibrators.  Joins integer as one of the numerics. See FloatDataEncodingType, IntegerDataEncodingType and FloatDataType."
43,IntegerArgumentType,1912,should,NON_NORMATIVE,,Guidance to spec authors on type choice (same as #23).,Describes an integer argument type. Several encodings supported.  Calibrated integer to integer relationships should be described with this data type. Use the integer data encoding to define calibrators. Joins float as one of the numerics. See IntegerDataEncoding and IntegerDataType.
44,CompleteVerifierType,2101,must,NON_NORMATIVE,,Runtime AND-evaluation semantics (command verifier completion).,A possible set of verifiers that all must be true for the command be considered completed.
45,ParameterToSetType/NewValue,2204,must,SEMANTIC,XTCE-1.2-R15-typed-value-valid-for-type,Same rule as #29 (ParameterToSetType/NewValue).,Specify value as a string compliant with the XML schema (xs) type specified for each XTCE type: integer=xs:integer; float=xs:double; string=xs:string; boolean=xs:boolean; binary=xs:hexBinary; enum=xs:string from EnumerationList; relative time= xs:duration; absolute time=xs:dateTime.  Supplied value must be within the ValidRange specified for the Parameter and appropriate for the type.
46,SentFromRangeVerifierType,2270,must,NON_NORMATIVE,,"Operational/deployment guidance about telemetry source, not checkable from the file itself.","Sent from range means the command has been transmitted to the spacecraft by the network that connects the ground system to the spacecraft.  Obviously, this verifier must come from something other than the spacecraft."
47,TransferredToRangeVerifierType,2292,must,NON_NORMATIVE,,Same as #46.,"Transferred to range means the command has been received to the network that connects the ground system to the spacecraft.  Obviously, this verifier must come from something other than the spacecraft."
48,VerifierSetType,2344,should,SEMANTIC,XTCE-1.2-R12-no-duplicate-verifiers-post-inheritance,"No duplicate verifiers across CompleteVerifiers/ExecutionVerifiers after resolving BaseMetaCommand inheritance — real constraint, complex (requires resolving the inheritance chain).","Describe a collection of unordered verifiers.  A command verifier is a conditional check on the telemetry from a SpaceSystem that that provides positive indication on the processing state of a command.  There are eight different verifiers each associated with difference states in command processing: TransferredToRange, TransferredFromRange, Received, Accepted, Queued, Execution, Complete, and Failed.  There may be multiple ‘complete’ and 'execution' verifiers. If the MetaCommand is part of an inheritance relation (BaseMetaCommand), the 'complete' and 'execution' verifier sets are appended to any defined in the parent MetaCommand. All others will override a verifier defined in a BaseMetaCommand.  Duplicate verifiers in the list of CompleteVerifiers and ExecutionVerifiers before and after appending to the verifiers in BaseMetaCommand should be avoided. See MetaCommandType and BaseMetaCommandType for additional information."
49,ChecksumType/name,2393,must,SEMANTIC,XTCE-1.2-R03-checksum-custom-requires-inputalgorithm,"Conditional requirement: if ChecksumType name=""custom"" then InputAlgorithm must be set — XSD can't express attribute-value-conditional element requirements.","Qualified list of name checksum algorithms. If custom is chosen, InputAlgorithm must be set."
50,ContextCalibratorListType,2429,must,NON_NORMATIVE,,"Runtime calibrator-selection evaluation order semantics (first match wins), not a file constraint.",Describe an ordered list of calibrators with a context match.  Useful when different calibrations must be used depending on a matching value.  The first context that matches determines which calibrator to use. See IntegerDataEncodingType and FloatDataEncodingType.
51,InputAlgorithmType/InputSet,2460,should,NON_NORMATIVE,,Descriptive definition of InputSet (algorithm variant).,The InputSet describes the list of parameters that should be made available as input arguments to the algorithm.
52,InputOutputTriggerAlgorithmType/triggerContainer,2491,should,NON_NORMATIVE,,Descriptive definition.,First telemetry container from which the output parameter should be calculated.
53,InputOutputTriggerAlgorithmType/priority,2496,should,NON_NORMATIVE,,Runtime evaluation-order semantics (priority ordering).,"Algorithm processing priority. If more than one algorithm is triggered by the same container, the lowest priority algorithm should be calculated first."
54,BaseCalibratorType,2650,may not,NON_NORMATIVE,,"Interop caveat, same pattern as #7.","Supplies an optional non-reference-able name and short description for calibrators.  Also includes an optional ancillary data for any special local flags, note that these may not necessarily transfer to another recipient of an instance document."
55,SplineCalibratorType/order,2772,required,SEMANTIC,XTCE-1.2-R13-spline-order-requires-min-points,Conditional cardinality constraint: spline order N requires a minimum number of calibration points (e.g. order 2 needs >=3 points) — not XSD-checkable (can't condition list length on a sibling attribute value).,"The interpolation order to apply to the overall spline function.  Order 0 is no slope between the points (flat).  Order 1 is linear interpolation.  Order 2 would be quadratic and in this special case, 3 points would be required, etc."
56,SyncStrategyType,2933,should,NON_NORMATIVE,,"Confirmed false positive: 'Should a sync marker be missed' is archaic conditional phrasing ('if X is missed'), not a normative 'should'. Same pattern as the known Math Calibrator false positive documented in Xtce.SpecTools.Tests.","A Sync Strategy specifies the strategy on how to find frames within a stream of PCM data.  The sync strategy is based upon a state machine that begins in the 'Search' state until the first sync marker is found.  Then it goes into the 'Verify' state until a specified number of successive good sync markers are found.  Then, the state machine goes into the 'Lock' state, in the 'Lock' state frames are considered good.  Should a sync marker be missed in the 'Lock' state, the state machine will transition into the 'Check' state, if the next sync marker is where it's expected within a specified number of frames, then the state machine will transition back to the 'Lock' state, it not it will transition back to 'Search'."
57,BaseDataType/BinaryDataEncoding,3065,required,NON_NORMATIVE,,Purely descriptive explanation of BinaryDataEncoding's use case.,"Binary encoding is typically a ""pass through"" raw encoding form where one of the more common encodings is not required for the parameter.  A custom transformation capability is available if needed."
58,ArgumentBaseDataType/BinaryDataEncoding,3109,required,NON_NORMATIVE,,"Same as #57, Argument variant.","Binary encoding is typically a ""pass through"" raw encoding form where one of the more common encodings is not required for the argument.  A custom transformation capability is available if needed."
59,BaseTimeDataType,3166,must,SEMANTIC,XTCE-1.2-R14-time-datatype-requires-encoding,"States time data types are an exception requiring a data encoding even when not telemetered (unlike other primitives, where it's implied optional). Tentative — XSD schema check for whether this is already narrowed to required specifically for time types was not performed; verify before implementing.","An abstract schema type used within the schema to derive other time based data types: RelativeTimeDataType and AbsoluteTimeDataType.  An absolute time data type is a telemetered source/destination data type.  A data encoding must be set.  An optional epoch may be set.  Time types are an exception to other primitives because, if the time data type is not telemetered, it still must have a data encoding set.  See DataEncodingType, AbsoluteTimeDataType and RelativeTimeDataType."
60,DimensionType,3270,must,FLAGGED,,"Documentation describes an OR/choice between {StartingIndex,EndingIndex} and a 'Size' alternative, but DimensionType's own XSD definition only shows the index pair — the Size alternative (if real) must live in a different type or a higher-level xs:choice not captured by inspecting DimensionType alone. Needs deeper schema review before classifying as semantic-rule vs. already-XSD-enforced via choice.","For partial entries of an array, the starting and ending index for each dimension, OR the Size must be specified.  Indexes are zero based."
61,DimensionListType,3296,must,SEMANTIC,XTCE-1.2-R06-dimensionlist-order-must-ascend,"Dimension order must ascend or the array must be broken out entry by entry — flagged as somewhat ambiguous phrasing (describes a workaround rather than a hard error), but capitalized MUST suggests genuine intent.",Where the Dimension list is in this form:  Array[1stDim][2ndDim][lastDim].  The last dimension is assumed to be the least significant - that is this dimension will cycle through its combination before the next to last dimension changes.  The order MUST ascend or the array will need to be broken out entry by entry.
62,ArgumentEnumeratedDataType/initialValue,3336,must,SEMANTIC,XTCE-1.2-R07-enum-initial-value-must-be-valid-label,"Initial/default value (given as a label) must be a valid label in the type's enumeration list — not XSD-checkable since the value is a generic string, cross-referenced against a sibling EnumerationList.","Default/Initial value is always given in calibrated form.  Use the label, it must be in the enumeration list to be valid."
63,EnumeratedDataType/initialValue,3359,must,SEMANTIC,XTCE-1.2-R07-enum-initial-value-must-be-valid-label,"Same rule as #62, EnumeratedDataType variant.","Default/Initial value is always given in calibrated form.  Use the label, it must be in the enumeration list to be valid."
64,ArgumentFloatDataType/sizeInBits,3391,required,NON_NORMATIVE,,"Implementation hint about internal sizing, explicitly described as an optional hint, not a constraint.","Optional hint to the implementation about the size of the engineering/calibrated data type to use internally.  Generally this can be determined by examination of the space required to capture the full range of the encoding, but it is not always clear when calibrators are in use.  A tolerant implementation will endeavor to always make sufficient size engineering data types to capture the entire range of possible values."
65,FloatDataType,3399,should,NON_NORMATIVE,,Guidance to spec authors on type choice (same pattern as #23).,"A base schema type for describing a floating point engineering/calibrated data type. Several encodings are supported.  Calibrated integer to float relationships should be described with this data type. Use the data encoding to define calibrators.  Joins integer as one of the numerics. See BaseDataType, FloatParameterType and FloatArgumentType."
66,FloatDataType/ValidRange,3411,should,NON_NORMATIVE,,"Describes runtime boundary-check behavior/interpretation, not a file structural constraint.","The Valid Range provides additional boundary/constraint information beyond that of the data encoding in the range of possible values that are meaningful to this parameter.  Not to be construed as an alarm definition, violations of the valid range make a parameter value ""unreasonable"", as opposed to reasonable to be reported, but in a state which should be of concern."
67,FloatDataType/sizeInBits,3433,required,NON_NORMATIVE,,"Implementation hint, same pattern as #64.","Optional hint to the implementation about the size of the engineering/calibrated data type to use internally.  Generally this can be determined by examination of the space required to capture the full range of the encoding, but it is not always clear when calibrators are in use.  A tolerant implementation will endeavor to always make sufficient size engineering data types to capture the entire range of possible values."
68,ArgumentIntegerDataType/sizeInBits,3459,required,NON_NORMATIVE,,"Implementation hint, same pattern as #64.","Optional hint to the implementation about the size of the engineering/calibrated data type to use internally.  Generally this can be determined by examination of the space required to capture the full range of the encoding, but it is not always clear when calibrators are in use.  A tolerant implementation will endeavor to always make sufficient size engineering data types to capture the entire range of possible values."
69,ArgumentIntegerDataType/signed,3464,"should not, should",REDUNDANT,,"XSD already declares default=""true"" on the signed attribute — documentation restates the schema's own default.",Flag indicating if the engineering/calibrated data type used should support signed representation.  This should not be confused with the encoding type for the raw value.  The default is true.
70,IntegerDataType/ValidRange,3484,should,NON_NORMATIVE,,"Runtime boundary-check behavior, same pattern as #66.","The Valid Range provides additional boundary/constraint information beyond that of the data encoding in the range of possible values that are meaningful to this parameter.  Not to be construed as an alarm definition, violations of the valid range make a parameter value ""unreasonable"", as opposed to reasonable to be reported, but in a state which should be of concern."
71,IntegerDataType/sizeInBits,3506,required,NON_NORMATIVE,,"Implementation hint, same pattern as #64.","Optional hint to the implementation about the size of the engineering/calibrated data type to use internally.  Generally this can be determined by examination of the space required to capture the full range of the encoding, but it is not always clear when calibrators are in use.  A tolerant implementation will endeavor to always make sufficient size engineering data types to capture the entire range of possible values."
72,IntegerDataType/signed,3511,"should not, should",REDUNDANT,,"Same as #69, ArgumentIntegerDataType variant — XSD default=""true"" confirmed present.",Flag indicating if the engineering/calibrated data type used should support signed representation.  This should not be confused with the encoding type for the raw value.  The default is true.
73,ValidFloatRangeSetType/ValidRange,3631,should,NON_NORMATIVE,,"Runtime boundary-check behavior, same pattern as #66.","A valid range constrains the whole set of possible values that could be encoded by the data type to a more ""valid"" or ""reasonable"" set of values.  This should be treated as a boundary check in an implementation to validate the input or output value.  Typically, only 1 range is used.  In cases where multiple ranges are used, then the value is valid when it is valid in any of the provided ranges.  Implementations may also use these ranges to enhance user interface displays and other visualization widgets as appropriate for the type."
74,ValidIntegerRangeSetType/ValidRange,3648,should,NON_NORMATIVE,,"Runtime boundary-check behavior, same pattern as #66.","A valid range constrains the whole set of possible values that could be encoded by the data type to a more ""valid"" or ""reasonable"" set of values.  This should be treated as a boundary check in an implementation to validate the input or output value.  Typically, only 1 range is used.  In cases where multiple ranges are used, then the value is valid when it is valid in any of the provided ranges.  Implementations may also use these ranges to enhance user interface displays and other visualization widgets as appropriate for the type."
75,EncodingType/BinaryDataEncoding,3769,required,NON_NORMATIVE,,"Purely descriptive, same as #57/#58.","Binary encoding is typically a ""pass through"" raw encoding form where one of the more common encodings is not required for the parameter.  A custom transformation capability is available if needed."
76,LeadingSizeType,3951,must,NON_NORMATIVE,,"Blind re-triage label fix: ""SizeTag must be an unsigned Integer"" constrains the ENCODED STREAM tag at runtime, not the document; the original REDUNDANT claim had no schema mechanism behind it. No validator impact.","Like PASCAL strings, the size of the string is given as an integer at the start of the string.  SizeTag must be an unsigned Integer"
77,ArgumentStringDataEncodingType/Variable,4079,should,NON_NORMATIVE,,Advisory modeling guidance for spec authors; whether a string 'actually' has constant encoded size isn't checkable from the file alone.,Variable length strings are those where the space occupied in a container can vary.  If the string has variable content but occupies the same amount of space when encoded should use the SizeInBits element.  Specification of a variable length string needs to consider that the implementation needs to allocate space to store the string.  Specify the maximum possible length of the string data type for memory purposes and also specify the bit size of the string to use in containers with the dynamic elements.
78,StringDataEncodingType/Variable,4105,should,NON_NORMATIVE,,"Same as #77, non-Argument variant.",Variable length strings are those where the space occupied in a container can vary.  If the string has variable content but occupies the same amount of space when encoded should use the SizeInBits element.  Specification of a variable length string needs to consider that the implementation needs to allocate space to store the string.  Specify the maximum possible length of the string data type for memory purposes and also specify the bit size of the string to use in containers with the dynamic elements.
79,StringEncodingType,4128,must,NON_NORMATIVE,,"Describes a property of ENCODED telemetry data (BOM in the binary stream), not the XTCE definition file's own structure.","With UTF-16, encoded bits must be prepended with a Byte Order Mark.  This mark indicates whether the data is encoded in big or little endian."
80,StringEncodingType,4143,must,NON_NORMATIVE,,"Same as #79, UTF-32 variant.","With UTF-32, encoded bits must be prepended with a Byte Order Mark.  This mark indicates whether the data is encoded in big or little endian."
81,ToStringType/NumberFormat,4162,should,NON_NORMATIVE,,"Display/presentation formatting guidance, not file structural validity.",This element describes how a numeric value should be represented in engineering/calibrated form.  The defaults reflect the most common form.
82,AliasType,4206,must,SEMANTIC,XTCE-1.2-R11-no-dangling-name-references,"Blind re-triage reclassification: ""the name is not reference-able"" is a resolution-semantics constraint, honored by R11 because aliases never join the reference namespaces; recorded as an R11 citation rather than a new rule.","Used to contain an alias (alternate) name or ID for the object.   For example, a parameter may have a mnemonic, an on-board id, and special IDs used by various ground software applications; all of these are alias's.  Some ground system processing equipment has some severe naming restrictions on parameters (e.g., names must less then 12 characters, single case or integral id's only); their alias's provide a means of capturing each name in a ""nameSpace"".  Note: the name is not reference-able (it cannot be used in a name reference substituting for the name of the item of interest).  See NameDescriptionType."
83,AliasType/nameSpace,4210,should,NON_NORMATIVE,,Descriptive rationale for grouping aliases into namespaces.,"Aliases should be grouped together in a ""namespace"" so that they can be switched in and out of data extractions.  The namespace generally identifies the purpose of the alternate name, whether for software variable names, additional operator names, or whatever the purpose."
84,BinaryType,4301,must,REDUNDANT,,XSD pattern restriction confirmed: BinaryType = pattern '0[bB][0-1]+'.,A simple restriction on string for hexadecimal numbers.  Must be in 0b or 0B form.
85,ComparisonCheckType/Value,4377,"must not, must",SEMANTIC,XTCE-1.2-R15-typed-value-valid-for-type,Same rule as #29 (ComparisonCheckType/Value).,"Right hand side value.  Specify as: integer data type using xs:integer, float data type using xs:double, string data type using xs:string, boolean data type using xs:boolean, binary data type using xs:hexBinary, enum data type using label name, relative time data type using xs:duration, absolute time data type using xs:dateTime.  Values must not exceed the characteristics for the data type or this is a validation error. Takes precedence over an initial value given in the data type. Values are calibrated unless there is an option to override it."
86,ComparisonListType,4387,must,NON_NORMATIVE,,"Runtime AND-evaluation semantics, same pattern as #35/#36/#38/#44.",All comparisons must be true
87,ComparisonListType/Comparison,4392,must,NON_NORMATIVE,,Runtime AND-evaluation semantics.,List of Comparison elements must all be true for the comparison to evaluate to true.
88,ComparisonType/value,4423,must,SEMANTIC,XTCE-1.2-R15-typed-value-valid-for-type,Same rule as #29 (ComparisonType/value).,Specify value as a string compliant with the XML schema (xs) type specified for each XTCE type: integer=xs:integer; float=xs:double; string=xs:string; boolean=xs:boolean; binary=xs:hexBinary; enum=xs:string from EnumerationList; relative time= xs:duration; absolute time=xs:dateTime.  Supplied value must be within the ValidRange specified for the type.
89,HexadecimalType,4606,must,REDUNDANT,,XSD pattern restriction confirmed: HexadecimalType = pattern '0[xX][0-9a-fA-F]+'.,A simple restriction on string for hexadecimal numbers.  Must be in 0x or 0X form.
90,MatchCriteriaType/ComparisonList,4966,must,NON_NORMATIVE,,Runtime AND-evaluation semantics.,A series of simple comparison checks with an implicit 'and' in that they all must be true for the overall condition to be true.
91,NameReferenceType,5013,must,SEMANTIC,XTCE-1.2-R11-no-dangling-name-references,"Foundational referential-integrity rule, stated explicitly and directly by the spec: 'It is illegal for a name reference to point to no item.' Directly confirms the rule category independently inferred from the XSD's 68 *Ref-named constructs with 0 xs:keyref enforcement.","Describe a reference to a named item in an XTCE instance document.  The named must be of schema type NameType.  All name references use a Unix style file system name format where the SpaceSystem names form a path in the SpaceSystem tree. The following characters are reserved for the path: '/', ‘..’ and ‘.’ (multiple consecutive ‘/’s are treated as one).  The path portion is similar to the directory path used in file system names and the path characters have similar meaning (e.g., SimpleSat/Bus/EPDS/BatteryOne/Voltage). There are three overall forms for name references:  absolute path, relative path and just the name.  The first two forms are called qualified name references; the last form is called an unqualified name reference.  The unqualified form refers to an item in the SpaceSystem the reference is used in.  The unqualified form refers to an item in the SpaceSystem the reference is used in.  It is illegal for a name reference to point to no item (“a dangling name reference”)."
92,NumberFormatType,5036,should,NON_NORMATIVE,,"Display formatting overview, same pattern as #81.",This type describes how a numeric value should be represented in engineering/calibrated form.  The defaults reflect the most common form.
93,NumberFormatType/numberBase,5040,should,NON_NORMATIVE,,"Display formatting; likely restates an XSD default (not individually re-verified, see matrix Methodology note).",Describes how the engineering/calibrated value of this number should be displayed with respect to the radix.  Default is base 10.
94,NumberFormatType/minimumFractionDigits,5045,should,NON_NORMATIVE,,Display formatting; likely restates an XSD default.,Describes how the engineering/calibrated value of this number should be displayed with respect to the minimum number of fractional digits.  The default is 0.
95,NumberFormatType/maximumFractionDigits,5050,should,NON_NORMATIVE,,Display formatting.,Describes how the engineering/calibrated value of this number should be displayed with respect to the maximum or upper bound of the number of digits.  There is no default.  No value specified should be interpreted as no upper bound such that all requires digits are used to fully characterize the value.
96,NumberFormatType/minimumIntegerDigits,5055,should,NON_NORMATIVE,,Display formatting; likely restates an XSD default.,Describes how the engineering/calibrated value of this number should be displayed with respect to the minimum number of integer digits.  The default is 1.
97,NumberFormatType/maximumIntegerDigits,5060,should,NON_NORMATIVE,,Display formatting.,Describes how the engineering/calibrated value of this number should be displayed with respect to the maximum or upper bound of the integer digits.  There is no default.  No value specified should be interpreted as no upper bound such that all requires digits are used to fully characterize the value.
98,NumberFormatType/negativeSuffix,5065,should,NON_NORMATIVE,,Display formatting.,Describes how the engineering/calibrated value of this number should be displayed with respect to negative values.  This attribute specifies the character or characters that should be appended to the numeric value to indicate negative values.  The default is none.
99,NumberFormatType/positiveSuffix,5070,should,NON_NORMATIVE,,Display formatting.,Describes how the engineering/calibrated value of this number should be displayed with respect to positive values.  This attribute specifies the character or characters that should be appended to the numeric value to indicate positive values.  The default is none.  Zero is considered to be specific to the implementation/platform and is not implied here.
100,NumberFormatType/negativePrefix,5075,should,NON_NORMATIVE,,Display formatting.,"Describes how the engineering/calibrated value of this number should be displayed with respect to negative values.  This attribute specifies the character or characters that should be prepended to the numeric value to indicate negative values.  The default is a minus character ""-""."
101,NumberFormatType/positivePrefix,5080,should,NON_NORMATIVE,,Display formatting.,Describes how the engineering/calibrated value of this number should be displayed with respect to positive values.  This attribute specifies the character or characters that should be prepended to the numeric value to indicate positive values.  The default is none.  Zero is considered to be specific to the implementation/platform and is not implied here.
102,NumberFormatType/showThousandsGrouping,5085,should,NON_NORMATIVE,,Display formatting; likely restates an XSD default.,"Describes how the engineering/calibrated value of this number should be displayed with respect to larger values.  Groupings by thousand are specific to locale, so the schema only specifies whether they will be present and not which character separators are used.  The default is false."
103,NumberFormatType/notation,5090,should,NON_NORMATIVE,,Display formatting; likely restates an XSD default.,"Describes how the engineering/calibrated value of this number should be displayed with respect to notation.  Engineering, scientific, or traditional decimal notation may be specified.  The precise characters used is locale specific for the implementation/platform.  The default is ""normal"" for the traditional notation."
104,OctalType,5096,must,REDUNDANT,,XSD pattern restriction confirmed: OctalType = pattern '0[oO][0-7]+'.,A simple restriction on string for hexadecimal numbers.  Must be in 0o or 0O form.
105,TermType/exponent,5267,"should, required",NON_NORMATIVE,,Confirmed false positive — the exact 'Math Calibrator' case already identified and regression-tested in Xtce.SpecTools.Tests during the original candidate-extraction work.,"The exponent in a single term of a polynomial expression.  Should negative exponents be required, use a Math Calibrator style of definition for this type."
106,TimeUnitsType,5273,should,SEMANTIC,XTCE-1.2-R01-ambiguous-time-units-flagged,"Usage of ambiguous calendar-variable time units (days/months/years) should be flagged — warning-level semantic rule, not XSD-checkable (all are valid enum members structurally).","base time units.  days, months, years have obvoius ambiguity and should be avoided"
107,AlarmType/AlarmConditions,5429,should,NON_NORMATIVE,,"Runtime alarm-level-selection evaluation semantics, not file structural validity.",A MatchCriteria may be specified for each of the 5 alarm levels. Each level is optional and the alarm should be the highest level to test true.
108,ConcernLevelsType,5548,should,NON_NORMATIVE,,Descriptive semantic interpretation of the 'normal' concern level.,"Defines six levels: Normal, Watch, Warning, Distress, Critical and Severe. Typical implementations color the ""normal"" level as green, ""warning"" level as yellow, and ""critical"" level as red. These level definitions are used throughout the alarm definitions. Some systems provide a greater fidelity with the additional levels provided here. The ""normal"" level is not typically needed because ""normal"" should be construed as none of the concern levels evaluating to true. For cases where definiing ""normal"" is needed, refer to the specific alarm definition types."
109,EnumerationAlarmType,5661,should,NON_NORMATIVE,,"Describes an implementation-default behavior for unmapped raw values, not a constraint on the alarm list's structure.","Describe alarm conditions specific to the enumeration data type, extends the basic AlarmType with an EnumerationAlarmList. The alarms are described using the label (engineering/calibrated value) of the enumerated parameter. Enumeration labels may represent several raw/uncalibrated values, so as a result, a single alarm definition here may represent multiple raw values in the enumerated parameter. It is not necessary to define an alarm for raw/uncalibrated values that do not map to an enumeration. Implementations should implicitly define this as an alarm case, of which the manifestation of that is program/implementation specific. See EnumeratedParameterType."
